Model,year_month,Units_Sold,Avg_Ex_Showroom_Price,Avg_Discount,Finance_Rate,Exchange_Rate,Lead_Count,Finance_Intent_Rate,Exchange_Intent_Rate,Avg_Followup_Count,year,quarter,lag_1,lag_3,lag_6,rolling_mean_3,rolling_mean_6,sales_vs_model_avg,mom_1_3,mom_3_6,trend_3,trend_6,discount_pressure,lead_strength,month_sin,month_cos
Baleno,2024-07-01,9,1232985.888888889,47073.0,0.3333333333333333,0.4444444444444444,16,0.4375,0.625,4.3125,2024,3,20.0,20.0,17.0,18.0,15.833333333333334,0.72,0.9523809523809523,1.1111111111111112,0.0,3.0,15691.0,17.0,-0.4999999999999997,-0.8660254037844388
Baleno,2024-08-01,18,1192840.0,39431.77777777778,0.6111111111111112,0.2777777777777778,6,0.5,0.5,4.5,2024,3,9.0,14.0,12.0,14.333333333333334,14.5,1.44,0.6,1.0769230769230769,-5.0,-3.0,24097.197530864203,6.0,-0.8660254037844385,-0.5000000000000004
Baleno,2024-09-01,9,1063689.111111111,31467.777777777777,0.2222222222222222,0.4444444444444444,18,0.5555555555555556,0.5,5.166666666666667,2024,3,18.0,20.0,12.0,15.666666666666666,15.5,0.72,0.8571428571428571,1.5384615384615385,-2.0,6.0,6992.839506172839,19.0,-1.0,-1.8369701987210297e-16
Baleno,2024-10-01,17,1117839.3529411764,40147.470588235294,0.2941176470588235,0.4117647058823529,6,0.6666666666666666,0.6666666666666666,4.166666666666667,2024,4,9.0,9.0,20.0,12.0,15.0,1.36,0.9,0.42857142857142855,0.0,-11.0,11808.079584775085,8.0,-0.8660254037844386,0.5000000000000001
Baleno,2024-11-01,14,1403978.7857142857,42891.357142857145,0.3571428571428571,0.6428571428571429,11,0.3636363636363636,0.3636363636363636,5.2727272727272725,2024,4,17.0,18.0,14.0,14.666666666666666,14.5,1.12,0.8947368421052632,1.2,-1.0,3.0,15318.341836734693,7.999999999999999,-0.5000000000000004,0.8660254037844384
Baleno,2024-12-01,15,1267995.6,45476.86666666667,0.5333333333333333,0.6,17,0.3529411764705882,0.2941176470588235,3.3529411764705883,2024,4,14.0,9.0,20.0,13.333333333333334,14.5,1.2,1.4,0.42857142857142855,5.0,-6.0,24254.32888888889,10.999999999999998,-2.4492935982947064e-16,1.0
Baleno,2025-01-01,10,1337403.9,40462.4,0.5,0.5,17,0.7058823529411765,0.4705882352941176,5.411764705882353,2025,1,15.0,17.0,9.0,15.333333333333334,13.666666666666666,0.8,0.8333333333333334,1.7,-2.0,6.0,20231.2,20.0,0.49999999999999994,0.8660254037844387
Baleno,2025-02-01,8,1304314.375,48012.375,0.625,0.5,14,0.5,0.5714285714285714,6.0,2025,1,10.0,14.0,18.0,13.0,13.833333333333334,0.64,0.6666666666666666,0.7368421052631579,-4.0,-8.0,30007.734375,15.0,0.8660254037844386,0.5000000000000001
Baleno,2025-03-01,15,1182134.1333333333,34774.6,0.4,0.6666666666666666,11,0.6363636363636364,0.2727272727272727,4.727272727272728,2025,1,8.0,15.0,9.0,11.0,12.166666666666666,1.2,0.5,1.5,-7.0,-1.0,13909.84,10.0,1.0,6.123233995736766e-17
Baleno,2025-04-01,11,1441276.181818182,35093.63636363636,0.4545454545454545,0.5454545454545454,19,0.3684210526315789,0.3157894736842105,5.052631578947368,2025,2,15.0,10.0,17.0,11.0,13.166666666666666,0.88,1.3636363636363635,0.5555555555555556,5.0,-2.0,15951.652892561979,12.999999999999998,0.8660254037844387,-0.4999999999999998
Baleno,2025-05-01,11,1118939.0,39850.0,0.6363636363636364,0.5454545454545454,14,0.5714285714285714,0.5,4.714285714285714,2025,2,11.0,8.0,14.0,11.333333333333334,12.166666666666666,0.88,1.2222222222222223,0.5333333333333333,3.0,-3.0,25359.090909090908,15.0,0.49999999999999994,-0.8660254037844387
Baleno,2025-06-01,15,1399452.6666666667,38470.13333333333,0.5333333333333333,0.2666666666666666,15,0.3333333333333333,0.4666666666666667,5.466666666666667,2025,2,11.0,15.0,15.0,12.333333333333334,11.666666666666666,1.2,0.6875,0.9375,-4.0,-4.0,20517.404444444444,12.0,1.2246467991473532e-16,-1.0
Baleno,2025-07-01,11,1244804.818181818,40298.63636363636,0.5454545454545454,0.8181818181818182,23,0.4782608695652174,0.4347826086956521,5.304347826086956,2025,3,15.0,11.0,10.0,12.333333333333334,11.666666666666666,0.88,1.25,1.0,4.0,5.0,21981.074380165286,21.0,-0.4999999999999997,-0.8660254037844388
Baleno,2025-08-01,12,1100956.8333333333,32132.08333333333,0.5833333333333334,0.8333333333333334,17,0.5294117647058824,0.5294117647058824,5.411764705882353,2025,3,11.0,11.0,8.0,12.333333333333334,11.833333333333334,0.96,0.9166666666666666,1.2222222222222223,0.0,3.0,18743.715277777777,18.0,-0.8660254037844385,-0.5000000000000004
Baleno,2025-09-01,11,1213358.3636363635,26581.36363636364,0.5454545454545454,0.4545454545454545,5,0.6,0.2,4.2,2025,3,12.0,15.0,15.0,12.666666666666666,12.5,0.88,0.75,0.9375,-3.0,-3.0,14498.925619834712,4.0,-1.0,-1.8369701987210297e-16
Baleno,2025-10-01,13,1313907.923076923,52036.46153846154,0.5384615384615384,0.5384615384615384,16,0.25,0.625,3.75,2025,4,11.0,11.0,11.0,11.333333333333334,11.833333333333334,1.04,0.9166666666666666,0.9166666666666666,0.0,0.0,28019.633136094675,14.0,-0.8660254037844386,0.5000000000000001
Baleno,2025-11-01,15,1181953.3333333333,34291.6,0.6,0.6666666666666666,9,0.6666666666666666,0.5555555555555556,5.0,2025,4,13.0,12.0,11.0,12.0,12.166666666666666,1.2,1.0,1.0,1.0,2.0,20574.96,11.0,-0.5000000000000004,0.8660254037844384
Baleno,2025-12-01,11,1012634.0,39990.09090909091,0.6363636363636364,0.4545454545454545,16,0.4375,0.3125,4.6875,2025,4,15.0,11.0,15.0,13.0,12.833333333333334,0.88,1.25,0.6875,4.0,0.0,25448.239669421488,12.0,-2.4492935982947064e-16,1.0
City,2024-07-01,11,1225932.3636363635,40703.09090909091,0.4545454545454545,0.2727272727272727,17,0.5294117647058824,0.6470588235294118,5.0588235294117645,2024,3,11.0,23.0,21.0,16.0,16.333333333333332,0.8114754098360656,0.4583333333333333,1.0454545454545454,-12.0,-10.0,18501.404958677685,20.0,-0.4999999999999997,-0.8660254037844388
City,2024-08-01,20,1356773.9,40366.5,0.45,0.45,20,0.4,0.3,3.7,2024,3,11.0,14.0,17.0,12.0,14.666666666666666,1.4754098360655739,0.7333333333333333,0.7777777777777778,-3.0,-6.0,18164.925,14.0,-0.8660254037844385,-0.5000000000000004
City,2024-09-01,12,1249258.75,30538.25,0.5833333333333334,0.5833333333333334,18,0.4444444444444444,0.6111111111111112,5.222222222222222,2024,3,20.0,11.0,12.0,14.0,15.166666666666666,0.8852459016393442,1.6666666666666667,0.8461538461538461,9.0,8.0,17813.979166666668,19.0,-1.0,-1.8369701987210297e-16
City,2024-10-01,16,1123471.0625,31523.6875,0.5,0.625,23,0.3478260869565217,0.3478260869565217,3.5217391304347827,2024,4,12.0,11.0,23.0,14.333333333333334,15.166666666666666,1.180327868852459,1.0,0.4583333333333333,1.0,-11.0,15761.84375,15.999999999999996,-0.8660254037844386,0.5000000000000001
City,2024-11-01,11,1064296.181818182,49654.81818181818,0.4545454545454545,0.4545454545454545,19,0.3684210526315789,0.3684210526315789,4.631578947368421,2024,4,16.0,20.0,14.0,16.0,14.0,0.8114754098360656,0.7619047619047619,1.3333333333333333,-4.0,2.0,22570.37190082644,14.0,-0.5000000000000004,0.8660254037844384
City,2024-12-01,13,1188214.7692307692,48742.769230769234,0.6153846153846154,0.4615384615384615,19,0.5263157894736842,0.4210526315789473,5.2631578947368425,2024,4,11.0,12.0,11.0,13.0,13.5,0.959016393442623,0.8461538461538461,1.0,-1.0,0.0,29995.550295857993,17.999999999999996,-2.4492935982947064e-16,1.0
City,2025-01-01,23,1289099.3043478262,41209.34782608696,0.5217391304347826,0.6086956521739131,18,0.5,0.6111111111111112,4.722222222222222,2025,1,13.0,16.0,11.0,13.333333333333334,13.833333333333334,1.6967213114754098,0.7647058823529411,1.3333333333333333,-3.0,2.0,21500.52930056711,20.0,0.49999999999999994,0.8660254037844387
City,2025-02-01,14,1139208.5714285714,33072.857142857145,0.3571428571428571,0.3571428571428571,24,0.5416666666666666,0.5416666666666666,4.416666666666667,2025,1,23.0,11.0,20.0,15.666666666666666,15.833333333333334,1.0327868852459017,1.9166666666666667,0.5238095238095238,12.0,3.0,11811.73469387755,26.0,0.8660254037844386,0.5000000000000001
City,2025-03-01,7,1411185.7142857143,46553.142857142855,0.2857142857142857,0.5714285714285714,12,0.5833333333333334,0.6666666666666666,4.333333333333333,2025,1,14.0,13.0,12.0,16.666666666666668,14.833333333333334,0.5163934426229508,1.0,1.0,1.0,2.0,13300.897959183672,15.0,1.0,6.123233995736766e-17
City,2025-04-01,14,1290675.5714285714,49804.5,0.5714285714285714,0.3571428571428571,11,0.3636363636363636,0.6363636363636364,4.090909090909091,2025,2,7.0,23.0,16.0,14.666666666666666,14.0,1.0327868852459017,0.2916666666666667,1.3529411764705883,-16.0,-9.0,28459.714285714283,11.0,0.8660254037844387,-0.4999999999999998
City,2025-05-01,7,1085860.142857143,46346.42857142857,0.5714285714285714,0.4285714285714285,20,0.3,0.6,4.6,2025,2,14.0,14.0,11.0,11.666666666666666,13.666666666666666,0.5163934426229508,0.9333333333333333,1.1666666666666667,0.0,3.0,26483.673469387755,18.0,0.49999999999999994,-0.8660254037844387
City,2025-06-01,17,1359484.0588235294,43612.05882352941,0.7647058823529411,0.5882352941176471,19,0.8421052631578947,0.5789473684210527,5.2631578947368425,2025,2,7.0,7.0,13.0,9.333333333333334,13.0,1.2540983606557377,0.875,0.5,0.0,-6.0,33350.39792387543,27.0,1.2246467991473532e-16,-1.0
City,2025-07-01,11,1321062.4545454546,33197.545454545456,0.6363636363636364,0.2727272727272727,22,0.5,0.4545454545454545,5.545454545454546,2025,3,17.0,14.0,23.0,12.666666666666666,13.666666666666666,0.8114754098360656,1.1333333333333333,0.5833333333333334,3.0,-6.0,21125.710743801654,21.0,-0.4999999999999997,-0.8660254037844388
City,2025-08-01,11,1344645.3636363635,31367.18181818182,0.2727272727272727,0.6363636363636364,19,0.3684210526315789,0.5789473684210527,4.473684210526316,2025,3,11.0,7.0,14.0,11.666666666666666,11.666666666666666,0.8114754098360656,1.375,0.4666666666666667,4.0,-3.0,8554.685950413223,18.0,-0.8660254037844385,-0.5000000000000004
City,2025-09-01,9,1239387.4444444445,27248.88888888889,0.3333333333333333,0.2222222222222222,12,0.4166666666666667,0.4166666666666667,3.9166666666666665,2025,3,11.0,17.0,7.0,13.0,11.166666666666666,0.6639344262295082,0.6111111111111112,2.125,-6.0,4.0,9082.962962962964,10.0,-1.0,-1.8369701987210297e-16
City,2025-10-01,14,996595.6428571428,48553.642857142855,0.5714285714285714,0.6428571428571429,19,0.3684210526315789,0.3157894736842105,4.7368421052631575,2025,4,9.0,11.0,14.0,10.333333333333334,11.5,1.0327868852459017,0.75,0.7333333333333333,-2.0,-5.0,27744.9387755102,12.999999999999998,-0.8660254037844386,0.5000000000000001
City,2025-11-01,15,1229070.6,36734.4,0.4,0.2666666666666666,9,0.3333333333333333,0.5555555555555556,3.7777777777777777,2025,4,14.0,11.0,7.0,11.333333333333334,11.5,1.1065573770491803,1.1666666666666667,1.375,3.0,7.0,14693.760000000002,8.0,-0.5000000000000004,0.8660254037844384
City,2025-12-01,19,1216398.8421052631,35952.57894736842,0.5789473684210527,0.631578947368421,11,0.4545454545454545,0.5454545454545454,3.909090909090909,2025,4,15.0,9.0,17.0,12.666666666666666,12.833333333333334,1.4016393442622952,1.5,0.5,6.0,-2.0,20814.650969529084,10.999999999999998,-2.4492935982947064e-16,1.0
Creta,2024-07-01,12,1194983.5,38398.41666666666,0.25,0.5833333333333334,8,0.375,0.5,6.125,2024,3,18.0,12.0,16.0,16.333333333333332,15.833333333333334,0.8709677419354839,1.3846153846153846,0.7058823529411765,6.0,2.0,9599.604166666664,7.0,-0.4999999999999997,-0.8660254037844388
Creta,2024-08-01,20,1348787.8,44607.75,0.55,0.6,13,0.8461538461538461,0.3076923076923077,4.384615384615385,2024,3,12.0,19.0,16.0,16.333333333333332,15.166666666666666,1.4516129032258063,0.6,1.1176470588235294,-7.0,-4.0,24534.2625,14.999999999999998,-0.8660254037844385,-0.5000000000000004
Creta,2024-09-01,14,1190695.2857142857,38190.92857142857,0.4285714285714285,0.2857142857142857,16,0.375,0.4375,3.5625,2024,3,20.0,18.0,14.0,16.666666666666668,15.833333333333334,1.0161290322580645,1.0526315789473684,1.2,2.0,6.0,16367.540816326527,13.0,-1.0,-1.8369701987210297e-16
Creta,2024-10-01,13,1534313.6153846155,28157.30769230769,0.5384615384615384,0.3846153846153846,14,0.3571428571428571,0.6428571428571429,3.7142857142857135,2024,4,14.0,12.0,12.0,15.333333333333334,15.833333333333334,0.9435483870967741,1.0769230769230769,0.9230769230769231,2.0,2.0,15161.62721893491,14.0,-0.8660254037844386,0.5000000000000001
Creta,2024-11-01,15,1199616.4666666666,43418.46666666667,0.6666666666666666,0.6666666666666666,15,0.5333333333333333,0.4,2.8,2024,4,13.0,20.0,19.0,15.666666666666666,16.0,1.0887096774193548,0.6190476190476191,1.0,-7.0,-6.0,28945.644444444442,14.0,-0.5000000000000004,0.8660254037844384
Creta,2024-12-01,14,1187092.9285714286,31347.64285714286,0.2142857142857142,0.5,11,0.3636363636363636,0.3636363636363636,4.727272727272728,2024,4,15.0,14.0,18.0,14.0,15.333333333333334,1.0161290322580645,1.0,0.7368421052631579,1.0,-3.0,6717.352040816324,7.999999999999999,-2.4492935982947064e-16,1.0
Creta,2025-01-01,8,1132765.5,62009.625,0.375,0.625,16,0.3125,0.3125,3.6875,2025,1,14.0,13.0,12.0,14.0,14.666666666666666,0.5806451612903225,1.0,1.0,1.0,2.0,23253.609375,10.0,0.49999999999999994,0.8660254037844387
Creta,2025-02-01,11,1304565.5454545454,40658.181818181816,0.6363636363636364,0.5454545454545454,6,0.6666666666666666,0.3333333333333333,3.8333333333333335,2025,1,8.0,15.0,20.0,12.333333333333334,14.0,0.7983870967741935,0.5,0.7142857142857143,-7.0,-12.0,25873.388429752064,6.0,0.8660254037844386,0.5000000000000001
Creta,2025-03-01,14,1162743.2857142857,31273.64285714286,0.5714285714285714,0.5,14,0.5,0.2857142857142857,5.0,2025,1,11.0,14.0,14.0,11.0,12.5,1.0161290322580645,0.7333333333333333,0.9333333333333333,-3.0,-3.0,17870.65306122449,11.0,1.0,6.123233995736766e-17
Creta,2025-04-01,13,1274602.6923076925,38121.769230769234,0.5384615384615384,0.6153846153846154,22,0.5454545454545454,0.6818181818181818,3.6818181818181817,2025,2,14.0,8.0,13.0,11.0,12.5,0.9435483870967741,1.5555555555555556,0.5714285714285714,6.0,1.0,20527.106508875742,26.999999999999996,0.8660254037844387,-0.4999999999999998
Creta,2025-05-01,22,1174500.818181818,39359.77272727273,0.5,0.6363636363636364,16,0.4375,0.5625,4.0,2025,2,13.0,11.0,15.0,12.666666666666666,12.5,1.596774193548387,1.0833333333333333,0.6875,2.0,-2.0,19679.886363636364,16.0,0.49999999999999994,-0.8660254037844387
Creta,2025-06-01,14,1184854.5,21955.92857142857,0.5714285714285714,0.2857142857142857,16,0.625,0.5,4.3125,2025,2,22.0,14.0,14.0,16.333333333333332,13.666666666666666,1.0161290322580645,1.4666666666666666,0.9333333333333333,8.0,8.0,12546.24489795918,18.0,1.2246467991473532e-16,-1.0
Creta,2025-07-01,12,1165759.0,36931.833333333336,0.6666666666666666,0.5,15,0.4,0.2666666666666666,5.6,2025,3,14.0,13.0,8.0,16.333333333333332,13.666666666666666,0.8709677419354839,1.0,1.4444444444444444,1.0,6.0,24621.222222222223,10.0,-0.4999999999999997,-0.8660254037844388
Creta,2025-08-01,9,1249593.888888889,55529.55555555556,0.5555555555555556,0.6666666666666666,13,0.3076923076923077,0.5384615384615384,4.846153846153846,2025,3,12.0,22.0,11.0,16.0,14.333333333333334,0.6532258064516129,0.5217391304347826,1.8333333333333333,-10.0,1.0,30849.753086419758,11.0,-0.8660254037844385,-0.5000000000000004
Creta,2025-09-01,16,1060029.0625,28933.625,0.625,0.625,6,0.5,0.1666666666666666,4.666666666666667,2025,3,9.0,14.0,14.0,11.666666666666666,14.0,1.161290322580645,0.6,0.9333333333333333,-5.0,-5.0,18083.515625,4.0,-1.0,-1.8369701987210297e-16
Creta,2025-10-01,14,1343964.857142857,44219.357142857145,0.2857142857142857,0.4285714285714285,18,0.3888888888888889,0.5555555555555556,5.666666666666667,2025,4,16.0,12.0,13.0,12.333333333333334,14.333333333333334,1.0161290322580645,1.2307692307692308,0.8571428571428571,4.0,3.0,12634.102040816326,17.0,-0.8660254037844386,0.5000000000000001
Creta,2025-11-01,12,1141237.25,24867.5,0.4166666666666667,0.5,15,0.5333333333333333,0.4,6.133333333333334,2025,4,14.0,9.0,22.0,13.0,14.5,0.8709677419354839,1.4,0.391304347826087,5.0,-8.0,10361.458333333334,14.0,-0.5000000000000004,0.8660254037844384
Creta,2025-12-01,15,1275614.8666666667,48848.13333333333,0.6,0.3333333333333333,11,0.3636363636363636,0.3636363636363636,4.545454545454546,2025,4,12.0,16.0,14.0,14.0,12.833333333333334,1.0887096774193548,0.7058823529411765,1.0666666666666667,-4.0,-2.0,29308.879999999997,7.999999999999999,-2.4492935982947064e-16,1.0
Nexon,2024-07-01,10,1351222.8,52284.6,1.0,0.5,13,0.1538461538461538,0.4615384615384615,4.846153846153846,2024,3,14.0,9.0,23.0,12.666666666666666,15.0,0.7258064516129031,1.4,0.375,5.0,-9.0,52284.6,7.999999999999999,-0.4999999999999997,-0.8660254037844388
Nexon,2024-08-01,18,1392726.4444444445,40779.72222222222,0.5555555555555556,0.3333333333333333,13,0.3846153846153846,0.3846153846153846,5.076923076923077,2024,3,10.0,15.0,15.0,13.0,12.833333333333334,1.3064516129032258,0.625,0.9375,-5.0,-5.0,22655.4012345679,10.0,-0.8660254037844385,-0.5000000000000004
Nexon,2024-09-01,11,1303844.0909090908,41927.90909090909,0.5454545454545454,0.4545454545454545,14,0.2142857142857142,0.3571428571428571,3.642857142857143,2024,3,18.0,14.0,14.0,14.0,13.333333333333334,0.7983870967741935,1.2,0.9333333333333333,4.0,4.0,22869.768595041318,7.999999999999998,-1.0,-1.8369701987210297e-16
Nexon,2024-10-01,9,1284919.888888889,41151.444444444445,0.5555555555555556,0.5555555555555556,16,0.5,0.3125,4.0,2024,4,11.0,10.0,9.0,13.0,12.833333333333334,0.6532258064516129,1.0,1.0,1.0,2.0,22861.913580246914,13.0,-0.8660254037844386,0.5000000000000001
Nexon,2024-11-01,13,1150589.3846153845,39165.46153846154,0.5384615384615384,0.6923076923076923,9,0.4444444444444444,0.4444444444444444,4.666666666666667,2024,4,9.0,18.0,15.0,12.666666666666666,12.833333333333334,0.9435483870967741,0.47368421052631576,1.125,-9.0,-6.0,21089.09467455621,8.0,-0.5000000000000004,0.8660254037844384
Nexon,2024-12-01,9,1348056.7777777778,46296.55555555556,0.3333333333333333,0.6666666666666666,7,0.1428571428571428,0.5714285714285714,4.285714285714286,2024,4,13.0,11.0,14.0,11.0,12.5,0.6532258064516129,1.0833333333333333,0.7333333333333333,2.0,-1.0,15432.185185185186,4.999999999999999,-2.4492935982947064e-16,1.0
Nexon,2025-01-01,24,1272302.7083333333,36555.875,0.6666666666666666,0.25,17,0.4117647058823529,0.5882352941176471,5.529411764705882,2025,1,9.0,9.0,10.0,10.333333333333334,11.666666666666666,1.7419354838709677,0.9,0.8181818181818182,0.0,-1.0,24370.583333333332,17.0,0.49999999999999994,0.8660254037844387
Nexon,2025-02-01,12,1167469.8333333333,40589.41666666666,0.5,0.5,17,0.4117647058823529,0.5294117647058824,4.470588235294118,2025,1,24.0,13.0,18.0,15.333333333333334,14.0,0.8709677419354839,1.7142857142857142,0.6842105263157895,11.0,6.0,20294.70833333333,16.0,0.8660254037844386,0.5000000000000001
Nexon,2025-03-01,15,1205844.5333333334,31666.666666666668,0.5333333333333333,0.4,8,0.5,0.5,4.875,2025,1,12.0,9.0,11.0,15.0,13.0,1.0887096774193548,1.2,0.75,3.0,1.0,16888.88888888889,8.0,1.0,6.123233995736766e-17
Nexon,2025-04-01,14,1238405.2857142857,45950.642857142855,0.5,0.6428571428571429,16,0.5625,0.5625,5.1875,2025,2,15.0,24.0,9.0,17.0,13.666666666666666,1.0161290322580645,0.6,2.4,-9.0,6.0,22975.321428571428,18.0,0.8660254037844387,-0.4999999999999998
Nexon,2025-05-01,19,1236044.4210526317,39954.42105263158,0.631578947368421,0.4210526315789473,8,0.5,0.5,4.625,2025,2,14.0,12.0,13.0,13.666666666666666,14.5,1.379032258064516,1.0769230769230769,0.8571428571428571,2.0,1.0,25234.371191135735,8.0,0.49999999999999994,-0.8660254037844387
Nexon,2025-06-01,10,1017571.5,37308.5,0.6,0.4,15,0.4,0.4,4.066666666666666,2025,2,19.0,15.0,9.0,16.0,15.5,0.7258064516129031,1.1875,1.5,4.0,10.0,22385.1,12.0,1.2246467991473532e-16,-1.0
Nexon,2025-07-01,18,1198166.888888889,42455.22222222222,0.5555555555555556,0.5555555555555556,10,0.6,0.3,5.3,2025,3,10.0,14.0,24.0,14.333333333333334,15.666666666666666,1.3064516129032258,0.6666666666666666,0.56,-4.0,-14.0,23586.234567901232,9.0,-0.4999999999999997,-0.8660254037844388
Nexon,2025-08-01,9,1123965.6666666667,38498.22222222222,0.4444444444444444,0.3333333333333333,9,0.6666666666666666,0.3333333333333333,3.4444444444444446,2025,3,18.0,19.0,12.0,15.666666666666666,14.666666666666666,0.6532258064516129,0.9,1.4615384615384615,-1.0,6.0,17110.32098765432,9.0,-0.8660254037844385,-0.5000000000000004
Nexon,2025-09-01,14,1103309.7142857143,32016.071428571428,0.4285714285714285,0.4285714285714285,3,0.6666666666666666,0.6666666666666666,4.666666666666667,2025,3,9.0,10.0,15.0,12.333333333333334,14.166666666666666,1.0161290322580645,0.8181818181818182,0.625,-1.0,-6.0,13721.173469387752,4.0,-1.0,-1.8369701987210297e-16
Nexon,2025-10-01,21,1340258.761904762,48638.42857142857,0.3809523809523809,0.4285714285714285,9,0.6666666666666666,0.3333333333333333,3.7777777777777777,2025,4,14.0,18.0,14.0,13.666666666666666,14.0,1.5241935483870968,0.7368421052631579,1.2,-4.0,0.0,18528.925170068025,9.0,-0.8660254037844386,0.5000000000000001
Nexon,2025-11-01,14,1097313.5714285714,36919.857142857145,0.5,0.5714285714285714,12,0.4166666666666667,0.5,5.083333333333333,2025,4,21.0,9.0,19.0,14.666666666666666,15.166666666666666,1.0161290322580645,2.1,0.45,12.0,2.0,18459.928571428572,11.0,-0.5000000000000004,0.8660254037844384
Nexon,2025-12-01,8,1130389.25,30022.375,0.375,0.5,16,0.625,0.375,3.6875,2025,4,14.0,14.0,10.0,16.333333333333332,14.333333333333334,0.5806451612903225,0.9333333333333333,1.2727272727272727,0.0,4.0,11258.390625,16.0,-2.4492935982947064e-16,1.0
Swift,2024-07-01,14,1328102.0714285714,39229.42857142857,0.5714285714285714,0.4285714285714285,18,0.5555555555555556,0.4444444444444444,4.888888888888889,2024,3,12.0,13.0,11.0,12.0,11.666666666666666,0.980544747081712,0.8571428571428571,1.0833333333333333,-1.0,1.0,22416.81632653061,18.0,-0.4999999999999997,-0.8660254037844388
Swift,2024-08-01,16,1478959.25,40503.4375,0.625,0.5,20,0.4,0.5,4.4,2024,3,14.0,11.0,13.0,12.333333333333334,12.166666666666666,1.1206225680933852,1.1666666666666667,0.7857142857142857,3.0,1.0,25314.6484375,18.0,-0.8660254037844385,-0.5000000000000004
Swift,2024-09-01,13,1293118.4615384615,30832.0,0.6153846153846154,0.7692307692307693,5,0.6,0.4,4.6,2024,3,16.0,12.0,10.0,14.0,12.666666666666666,0.9105058365758755,1.2307692307692308,1.0909090909090908,4.0,6.0,18973.53846153846,5.0,-1.0,-1.8369701987210297e-16
Swift,2024-10-01,12,1171305.0,48618.0,0.5833333333333334,0.6666666666666666,15,0.5333333333333333,0.5333333333333333,4.933333333333334,2024,4,13.0,14.0,13.0,14.333333333333334,13.166666666666666,0.8404669260700388,0.8666666666666667,1.0,-1.0,0.0,28360.5,16.0,-0.8660254037844386,0.5000000000000001
Swift,2024-11-01,19,1260416.5789473683,35341.31578947369,0.4736842105263157,0.4210526315789473,9,0.3333333333333333,0.6666666666666666,4.111111111111111,2024,4,12.0,16.0,11.0,13.666666666666666,13.0,1.3307392996108949,0.7058823529411765,1.3333333333333333,-4.0,1.0,16740.62326869806,9.0,-0.5000000000000004,0.8660254037844384
Swift,2024-12-01,22,1219126.818181818,36551.0,0.3636363636363636,0.5,16,0.1875,0.375,4.5625,2024,4,19.0,13.0,12.0,14.666666666666666,14.333333333333334,1.5408560311284045,1.3571428571428572,1.0,6.0,7.0,13291.272727272726,9.0,-2.4492935982947064e-16,1.0
Swift,2025-01-01,15,1312992.8,44299.8,0.6,0.4666666666666667,20,0.5,0.5,4.05,2025,1,22.0,12.0,14.0,17.666666666666668,16.0,1.0505836575875487,1.6923076923076923,0.8,10.0,8.0,26579.88,20.0,0.49999999999999994,0.8660254037844387
Swift,2025-02-01,13,1373669.6153846155,33569.92307692308,0.4615384615384615,0.5384615384615384,9,0.5555555555555556,0.4444444444444444,4.666666666666667,2025,1,15.0,19.0,16.0,18.666666666666668,16.166666666666668,0.9105058365758755,0.75,1.1176470588235294,-4.0,-1.0,15493.810650887574,9.0,0.8660254037844386,0.5000000000000001
Swift,2025-03-01,12,1259166.4166666667,34200.25,0.5833333333333334,0.5833333333333334,14,0.3571428571428571,0.5,5.214285714285714,2025,1,13.0,22.0,13.0,16.666666666666668,15.666666666666666,0.8404669260700388,0.5652173913043478,1.5714285714285714,-9.0,0.0,19950.145833333336,12.0,1.0,6.123233995736766e-17
Swift,2025-04-01,16,1257397.5625,41626.8125,0.4375,0.5,11,0.4545454545454545,0.3636363636363636,4.727272727272728,2025,2,12.0,15.0,12.0,13.333333333333334,15.5,1.1206225680933852,0.75,1.1538461538461537,-3.0,0.0,18211.73046875,9.0,0.8660254037844387,-0.4999999999999998
Swift,2025-05-01,13,1133440.076923077,50636.38461538462,0.6153846153846154,0.5384615384615384,10,0.4,0.3,5.0,2025,2,16.0,13.0,19.0,13.666666666666666,16.166666666666668,0.9105058365758755,1.1428571428571428,0.65,3.0,-3.0,31160.85207100592,7.0,0.49999999999999994,-0.8660254037844387
Swift,2025-06-01,6,1198613.8333333333,54098.833333333336,0.3333333333333333,0.3333333333333333,21,0.5238095238095238,0.4761904761904761,5.095238095238095,2025,2,13.0,12.0,22.0,13.666666666666666,15.166666666666666,0.4202334630350194,1.0,0.5217391304347826,1.0,-9.0,18032.944444444445,21.0,1.2246467991473532e-16,-1.0
Swift,2025-07-01,17,1327757.0,39016.17647058824,0.4117647058823529,0.4117647058823529,10,0.6,0.5,3.3,2025,3,6.0,16.0,15.0,11.666666666666666,12.5,1.1906614785992218,0.35294117647058826,1.0,-10.0,-9.0,16065.484429065744,11.0,-0.4999999999999997,-0.8660254037844388
Swift,2025-08-01,9,1370990.6666666667,39669.88888888889,0.4444444444444444,0.4444444444444444,10,0.4,0.5,3.8,2025,3,17.0,13.0,13.0,12.0,12.833333333333334,0.6303501945525292,1.2142857142857142,0.9285714285714286,4.0,4.0,17631.061728395063,9.0,-0.8660254037844385,-0.5000000000000004
Swift,2025-09-01,13,1124418.5384615385,51112.61538461538,0.4615384615384615,0.4615384615384615,23,0.6086956521739131,0.6086956521739131,5.0,2025,3,9.0,6.0,12.0,10.666666666666666,12.166666666666666,0.9105058365758755,1.2857142857142858,0.46153846153846156,3.0,-3.0,23590.437869822483,28.0,-1.0,-1.8369701987210297e-16
Swift,2025-10-01,12,1285369.5,39854.25,0.3333333333333333,0.1666666666666666,18,0.5555555555555556,0.5555555555555556,4.944444444444445,2025,4,13.0,17.0,16.0,13.0,12.333333333333334,0.8404669260700388,0.7222222222222222,1.0,-4.0,-3.0,13284.75,20.0,-0.8660254037844386,0.5000000000000001
Swift,2025-11-01,24,1411743.8333333333,43637.458333333336,0.5416666666666666,0.5,17,0.8235294117647058,0.7058823529411765,3.5294117647058822,2025,4,12.0,9.0,13.0,11.333333333333334,11.666666666666666,1.6809338521400776,1.2,0.6428571428571429,3.0,-1.0,23636.956597222223,26.0,-0.5000000000000004,0.8660254037844384
Swift,2025-12-01,11,1242239.2727272727,34083.0,0.6363636363636364,0.6363636363636364,8,0.875,0.75,5.375,2025,4,24.0,13.0,6.0,16.333333333333332,13.5,0.7704280155642023,1.7142857142857142,1.8571428571428572,11.0,18.0,21689.181818181816,13.0,-2.4492935982947064e-16,1.0
Venue,2024-07-01,15,1147377.6,36213.66666666666,0.4,0.6,6,0.5,0.1666666666666666,6.0,2024,3,6.0,18.0,16.0,13.0,14.333333333333334,1.1065573770491803,0.3157894736842105,1.0588235294117647,-12.0,-10.0,14485.466666666664,4.0,-0.4999999999999997,-0.8660254037844388
Venue,2024-08-01,12,1507077.5,44439.41666666666,0.5833333333333334,0.5833333333333334,9,0.6666666666666666,0.5555555555555556,3.6666666666666665,2024,3,15.0,15.0,17.0,12.0,14.166666666666666,0.8852459016393442,0.9375,0.8333333333333334,0.0,-2.0,25922.99305555555,11.0,-0.8660254037844385,-0.5000000000000004
Venue,2024-09-01,21,1255310.9523809524,46380.42857142857,0.4285714285714285,0.4761904761904761,17,0.4117647058823529,0.6470588235294118,4.705882352941177,2024,3,12.0,6.0,14.0,11.0,13.333333333333334,1.5491803278688525,1.7142857142857142,0.4,6.0,-2.0,19877.32653061224,18.0,-1.0,-1.8369701987210297e-16
Venue,2024-10-01,17,1397565.3529411764,35288.470588235294,0.3529411764705882,0.5882352941176471,15,0.5333333333333333,0.5333333333333333,3.533333333333333,2024,4,21.0,15.0,18.0,16.0,14.5,1.2540983606557377,1.3125,0.7894736842105263,6.0,3.0,12454.754325259515,16.0,-0.8660254037844386,0.5000000000000001
Venue,2024-11-01,9,1153465.888888889,39820.333333333336,0.6666666666666666,0.5555555555555556,15,0.3333333333333333,0.4666666666666667,5.2,2024,4,17.0,12.0,15.0,16.666666666666668,14.333333333333334,0.6639344262295082,1.3076923076923077,0.75,5.0,2.0,26546.88888888889,12.0,-0.5000000000000004,0.8660254037844384
Venue,2024-12-01,11,1452860.2727272727,39882.545454545456,0.5454545454545454,0.5454545454545454,14,0.6428571428571429,0.6428571428571429,3.2142857142857144,2024,4,9.0,21.0,6.0,15.666666666666666,13.333333333333334,0.8114754098360656,0.4090909090909091,3.0,-12.0,3.0,21754.11570247934,18.0,-2.4492935982947064e-16,1.0
Venue,2025-01-01,11,1388394.3636363635,42548.09090909091,0.4545454545454545,0.5454545454545454,16,0.5625,0.625,4.0625,2025,1,11.0,17.0,15.0,12.333333333333334,14.166666666666666,0.8114754098360656,0.6111111111111112,1.0625,-6.0,-4.0,19340.04132231405,19.0,0.49999999999999994,0.8660254037844387
Venue,2025-02-01,13,1085122.1538461538,35205.61538461538,0.4615384615384615,0.6153846153846154,15,0.4,0.4666666666666667,5.066666666666666,2025,1,11.0,9.0,12.0,10.333333333333334,13.5,0.959016393442623,1.1,0.6923076923076923,2.0,-1.0,16248.745562130176,13.0,0.8660254037844386,0.5000000000000001
Venue,2025-03-01,6,1423374.0,39695.333333333336,0.3333333333333333,0.6666666666666666,16,0.4375,0.75,5.375,2025,1,13.0,11.0,21.0,11.666666666666666,13.666666666666666,0.4426229508196721,1.0833333333333333,0.5,2.0,-8.0,13231.777777777777,19.0,1.0,6.123233995736766e-17
Venue,2025-04-01,8,1147859.25,37359.125,0.25,0.625,10,0.4,0.6,4.7,2025,2,6.0,11.0,17.0,10.0,11.166666666666666,0.5901639344262295,0.5,0.6111111111111112,-5.0,-11.0,9339.78125,10.0,0.8660254037844387,-0.4999999999999998
Venue,2025-05-01,21,1133305.5714285714,37238.52380952381,0.5238095238095238,0.3809523809523809,14,0.5,0.7142857142857143,4.142857142857143,2025,2,8.0,13.0,9.0,9.0,9.666666666666666,1.5491803278688525,0.5714285714285714,1.3,-5.0,-1.0,19505.893424036283,17.0,0.49999999999999994,-0.8660254037844387
Venue,2025-06-01,9,1133211.4444444445,45547.333333333336,0.5555555555555556,0.6666666666666666,21,0.4285714285714285,0.4761904761904761,4.571428571428571,2025,2,21.0,6.0,11.0,11.666666666666666,11.666666666666666,0.6639344262295082,3.0,0.5,15.0,10.0,25304.074074074077,18.999999999999996,1.2246467991473532e-16,-1.0
Venue,2025-07-01,20,1261495.25,38452.6,0.55,0.4,16,0.3125,0.5625,3.75,2025,3,9.0,8.0,11.0,12.666666666666666,11.333333333333334,1.4754098360655739,1.0,0.6666666666666666,1.0,-2.0,21148.93,14.0,-0.4999999999999997,-0.8660254037844388
Venue,2025-08-01,14,1246563.357142857,37040.07142857143,0.5714285714285714,0.4285714285714285,19,0.4736842105263157,0.5789473684210527,5.2631578947368425,2025,3,20.0,21.0,13.0,16.666666666666668,12.833333333333334,1.0327868852459017,0.9090909090909091,1.5,-1.0,7.0,21165.755102040814,20.0,-0.8660254037844385,-0.5000000000000004
Venue,2025-09-01,11,1127183.0909090908,25891.636363636364,0.4545454545454545,0.4545454545454545,19,0.8421052631578947,0.4210526315789473,4.631578947368421,2025,3,14.0,9.0,6.0,14.333333333333334,13.0,0.8114754098360656,1.4,1.2857142857142858,5.0,8.0,11768.925619834708,24.0,-1.0,-1.8369701987210297e-16
Venue,2025-10-01,16,1216572.9375,54649.1875,0.25,0.3125,13,0.6923076923076923,0.5384615384615384,5.153846153846154,2025,4,11.0,20.0,8.0,15.0,13.833333333333334,1.180327868852459,0.5238095238095238,2.2222222222222223,-9.0,3.0,13662.296875,16.0,-0.8660254037844386,0.5000000000000001
Venue,2025-11-01,16,1090085.4375,39716.25,0.5,0.625,14,0.5,0.2142857142857142,3.4285714285714284,2025,4,16.0,14.0,21.0,13.666666666666666,15.166666666666666,1.180327868852459,1.0666666666666667,0.6363636363636364,2.0,-5.0,19858.125,9.999999999999998,-0.5000000000000004,0.8660254037844384
Venue,2025-12-01,14,1283150.857142857,25116.85714285714,0.5714285714285714,0.5,9,0.5555555555555556,0.3333333333333333,6.666666666666667,2025,4,16.0,11.0,9.0,14.333333333333334,14.333333333333334,1.0327868852459017,1.3333333333333333,1.1,5.0,7.0,14352.489795918365,8.0,-2.4492935982947064e-16,1.0
